{"cameraMode":{"drawMode":0,"name":"Shaded","section":"Shading Mode"},"sceneLighting":true,"audioPlay":false,"sceneViewState":{"showFog":true,"showMaterialUpdate":false,"showSkybox":true,"showFlares":true,"showImageEffects":true,"showParticleSystems":true},"in2DMode":false,"pivot":{"x":588.3795166015625,"y":-119.43597412109375,"z":606.795166015625},"rotation":{"x":-0.18394386768341065,"y":0.8137384653091431,"z":-0.42241108417510989,"w":-0.3543526232242584},"size":1167.26416015625,"orthographic":false}